approved_at_utc,subreddit,selftext,author_fullname,saved,mod_reason_title,gilded,clicked,title,link_flair_richtext,subreddit_name_prefixed,hidden,pwls,link_flair_css_class,downs,thumbnail_height,top_awarded_type,hide_score,name,quarantine,link_flair_text_color,upvote_ratio,author_flair_background_color,subreddit_type,ups,total_awards_received,media_embed,thumbnail_width,author_flair_template_id,is_original_content,user_reports,secure_media,is_reddit_media_domain,is_meta,category,secure_media_embed,link_flair_text,can_mod_post,score,approved_by,is_created_from_ads_ui,author_premium,thumbnail,edited,author_flair_css_class,author_flair_richtext,gildings,content_categories,is_self,mod_note,created,link_flair_type,wls,removed_by_category,banned_by,author_flair_type,domain,allow_live_comments,selftext_html,likes,suggested_sort,banned_at_utc,view_count,archived,no_follow,is_crosspostable,pinned,over_18,all_awardings,awarders,media_only,can_gild,spoiler,locked,author_flair_text,treatment_tags,visited,removed_by,num_reports,distinguished,subreddit_id,author_is_blocked,mod_reason_by,removal_reason,link_flair_background_color,id,is_robot_indexable,report_reasons,author,discussion_type,num_comments,send_replies,contest_mode,mod_reports,author_patreon_flair,author_flair_text_color,permalink,stickied,url,subreddit_subscribers,created_utc,num_crossposts,media,is_video,post_hint,url_overridden_by_dest,preview,is_gallery,media_metadata,gallery_data,author_cakeday,crosspost_parent_list,crosspost_parent,poll_data
,bicycling,"hello to my fav community, 

i’m pretty new to cycling and have been chasing the best model out there within my range to ride in Delhi, India.

a little about me: i’m 6’1 &amp; i am looking for a hybrid/road geared bicycle in the range of 25-35k INR to start with.

i want to know what tyre size should i look for, along with how many gears are enough &amp; the material used in the built of the bicycle.

also, can anyone please recommend the best silent magnetic bicycle stands that i could use to cycle indoors? i have heard about the wahoo kickr core but it’s way above my budget atm. i am willing to invest another 10-15k INR on it.

i am really looking to start cycling latest by this sunday so if anyone could suggest the best bicycle stores in Delhi as well, that would be really appreciated.

best,
",t2_7m9xyth2,False,,0,False,Looking for a hybrid bicycle.,[],r/bicycling,False,6,,0,,,False,t3_1hsejz8,False,dark,0.5,,public,0,0,{},,,False,[],,False,False,,{},,False,0,,False,False,self,1735880234.0,,[],{},,True,,1735880037.0,text,6,,,text,self.bicycling,False,"&lt;!-- SC_OFF --&gt;&lt;div class=""md""&gt;&lt;p&gt;hello to my fav community, &lt;/p&gt;

&lt;p&gt;i’m pretty new to cycling and have been chasing the best model out there within my range to ride in Delhi, India.&lt;/p&gt;

&lt;p&gt;a little about me: i’m 6’1 &amp;amp; i am looking for a hybrid/road geared bicycle in the range of 25-35k INR to start with.&lt;/p&gt;

&lt;p&gt;i want to know what tyre size should i look for, along with how many gears are enough &amp;amp; the material used in the built of the bicycle.&lt;/p&gt;

&lt;p&gt;also, can anyone please recommend the best silent magnetic bicycle stands that i could use to cycle indoors? i have heard about the wahoo kickr core but it’s way above my budget atm. i am willing to invest another 10-15k INR on it.&lt;/p&gt;

&lt;p&gt;i am really looking to start cycling latest by this sunday so if anyone could suggest the best bicycle stores in Delhi as well, that would be really appreciated.&lt;/p&gt;

&lt;p&gt;best,&lt;/p&gt;
&lt;/div&gt;&lt;!-- SC_ON --&gt;",,,,,False,True,False,False,False,[],[],False,False,False,False,,[],False,,,,t5_2qi0s,False,,,,1hsejz8,True,,Minute-Confection509,,0,True,False,[],False,,/r/bicycling/comments/1hsejz8/looking_for_a_hybrid_bicycle/,False,https://www.reddit.com/r/bicycling/comments/1hsejz8/looking_for_a_hybrid_bicycle/,1150714,1735880037.0,0,,False,,,,,,,,,,
,bicycling,"Look for an easy transition from flat bar hybrid. Should I go for a race or endurance?
Any recommendations for long comfortable (relatively) 2 hr rides 
Tia ",t2_7umvayjm,False,,0,False,Moving from hybrid to road bike,[],r/bicycling,False,6,,0,,,False,t3_1hpu8cr,False,dark,0.6,,public,1,0,{},,,False,[],,False,False,,{},,False,1,,False,False,self,1735587866.0,,[],{},,True,,1735584374.0,text,6,,,text,self.bicycling,False,"&lt;!-- SC_OFF --&gt;&lt;div class=""md""&gt;&lt;p&gt;Look for an easy transition from flat bar hybrid. Should I go for a race or endurance?
Any recommendations for long comfortable (relatively) 2 hr rides 
Tia &lt;/p&gt;
&lt;/div&gt;&lt;!-- SC_ON --&gt;",,,,,False,True,False,False,False,[],[],False,False,False,False,,[],False,,,,t5_2qi0s,False,,,,1hpu8cr,True,,caveman1948,,20,True,False,[],False,,/r/bicycling/comments/1hpu8cr/moving_from_hybrid_to_road_bike/,False,https://www.reddit.com/r/bicycling/comments/1hpu8cr/moving_from_hybrid_to_road_bike/,1150714,1735584374.0,0,,False,,,,,,,,,,
,bicycling,"I know this might be a long shot and probably something that never been posted here before . I'm looking at buying a storage unit with this bike inside. Could anyone tell me the make an model. I've tried google and I believe its a Felt. The only identifying features I can see are IA2 SL on the frame , Shimano on the crank arm, EOS on the tires and maybe Hybrid on the rear brakes. 

https://preview.redd.it/c6qpsw41du9e1.png?width=1152&amp;format=png&amp;auto=webp&amp;s=01edad5014cca5a7d8972a032c43d483cafbe30c

",t2_uq1dam4c,False,,0,False,Bicycle Identification Request,[],r/bicycling,False,6,,0,78.0,,False,t3_1hp41e7,False,dark,0.6,,public,1,0,{},140.0,,False,[],,False,False,,{},,False,1,,False,False,https://a.thumbs.redditmedia.com/3AuVH2YzmXVacQKqjixl9ue4Kqyyt8t2mRZpqkva5l0.jpg,False,,[],{},,True,,1735501567.0,text,6,,,text,self.bicycling,False,"&lt;!-- SC_OFF --&gt;&lt;div class=""md""&gt;&lt;p&gt;I know this might be a long shot and probably something that never been posted here before . I&amp;#39;m looking at buying a storage unit with this bike inside. Could anyone tell me the make an model. I&amp;#39;ve tried google and I believe its a Felt. The only identifying features I can see are IA2 SL on the frame , Shimano on the crank arm, EOS on the tires and maybe Hybrid on the rear brakes. &lt;/p&gt;

&lt;p&gt;&lt;a href=""https://preview.redd.it/c6qpsw41du9e1.png?width=1152&amp;amp;format=png&amp;amp;auto=webp&amp;amp;s=01edad5014cca5a7d8972a032c43d483cafbe30c""&gt;https://preview.redd.it/c6qpsw41du9e1.png?width=1152&amp;amp;format=png&amp;amp;auto=webp&amp;amp;s=01edad5014cca5a7d8972a032c43d483cafbe30c&lt;/a&gt;&lt;/p&gt;
&lt;/div&gt;&lt;!-- SC_ON --&gt;",,,,,False,True,False,False,False,[],[],False,False,False,False,,[],False,,,,t5_2qi0s,False,,,,1hp41e7,True,,Humble-Ingenuity-811,,2,True,False,[],False,,/r/bicycling/comments/1hp41e7/bicycle_identification_request/,False,https://www.reddit.com/r/bicycling/comments/1hp41e7/bicycle_identification_request/,1150714,1735501567.0,0,,False,,,,,"{'c6qpsw41du9e1': {'status': 'valid', 'e': 'Image', 'm': 'image/png', 'p': [{'y': 60, 'x': 108, 'u': 'https://preview.redd.it/c6qpsw41du9e1.png?width=108&amp;crop=smart&amp;auto=webp&amp;s=f6a87e10c3021a10af3c51c7e4a17c06c0572ad8'}, {'y': 121, 'x': 216, 'u': 'https://preview.redd.it/c6qpsw41du9e1.png?width=216&amp;crop=smart&amp;auto=webp&amp;s=9f7d81392d081133a55f343db1febb98dc164aa1'}, {'y': 180, 'x': 320, 'u': 'https://preview.redd.it/c6qpsw41du9e1.png?width=320&amp;crop=smart&amp;auto=webp&amp;s=ba36cc6a7152e5e8f0aa841daa7258c2cc868733'}, {'y': 360, 'x': 640, 'u': 'https://preview.redd.it/c6qpsw41du9e1.png?width=640&amp;crop=smart&amp;auto=webp&amp;s=223c816ffbeaf144658fd6bccad1f13f2e286258'}, {'y': 540, 'x': 960, 'u': 'https://preview.redd.it/c6qpsw41du9e1.png?width=960&amp;crop=smart&amp;auto=webp&amp;s=781ccdd68f222997e5723c871353ae60886c214b'}, {'y': 607, 'x': 1080, 'u': 'https://preview.redd.it/c6qpsw41du9e1.png?width=1080&amp;crop=smart&amp;auto=webp&amp;s=d15fb1409649fa20c635d8652eabcce8dda2ee28'}], 's': {'y': 648, 'x': 1152, 'u': 'https://preview.redd.it/c6qpsw41du9e1.png?width=1152&amp;format=png&amp;auto=webp&amp;s=01edad5014cca5a7d8972a032c43d483cafbe30c'}, 'id': 'c6qpsw41du9e1'}}",,,,,
,bicycling,"Hello all! If this is the wrong place to ask or there is a megathread I didn’t see, please let me know!

Anyway, I’m a 38 year-old woman who is 5’ tall, very heavy, and looking to get into bicycling. I haven’t ridden a bike in about 20 years, and have only basic knowledge. I would like bicycle brand or specific mode recommendations, if possible please!

Another woman I spoke to with my same general build (a little taller) said a hybrid 24” woman’s/step-through would be good, and to have a local bike shop tune it, replace the seat to square, and teach me about gears because I have no stinking clue how to do it yet.

I plan on using it mainly for exercise/fun, not as main transportation. The area I live in is primarily flat and suburban to semi-urban, but there are places to ride along (not on!) the beach or on hillier trails, too.

Intended budget is around $300-$400. A little above is ok.

I checked Marketplace but don’t really have a lot of faith in the listings.

Thank you so, so much for any help, recommendations, and tips!",t2_mle7c,False,,0,False,"Recommendations for biking newbie (5’, heavy, woman)?",[],r/bicycling,False,6,,0,,,False,t3_1hoz6e1,False,dark,0.67,,public,1,0,{},,,False,[],,False,False,,{},,False,1,,False,False,self,False,,[],{},,True,,1735488705.0,text,6,,,text,self.bicycling,False,"&lt;!-- SC_OFF --&gt;&lt;div class=""md""&gt;&lt;p&gt;Hello all! If this is the wrong place to ask or there is a megathread I didn’t see, please let me know!&lt;/p&gt;

&lt;p&gt;Anyway, I’m a 38 year-old woman who is 5’ tall, very heavy, and looking to get into bicycling. I haven’t ridden a bike in about 20 years, and have only basic knowledge. I would like bicycle brand or specific mode recommendations, if possible please!&lt;/p&gt;

&lt;p&gt;Another woman I spoke to with my same general build (a little taller) said a hybrid 24” woman’s/step-through would be good, and to have a local bike shop tune it, replace the seat to square, and teach me about gears because I have no stinking clue how to do it yet.&lt;/p&gt;

&lt;p&gt;I plan on using it mainly for exercise/fun, not as main transportation. The area I live in is primarily flat and suburban to semi-urban, but there are places to ride along (not on!) the beach or on hillier trails, too.&lt;/p&gt;

&lt;p&gt;Intended budget is around $300-$400. A little above is ok.&lt;/p&gt;

&lt;p&gt;I checked Marketplace but don’t really have a lot of faith in the listings.&lt;/p&gt;

&lt;p&gt;Thank you so, so much for any help, recommendations, and tips!&lt;/p&gt;
&lt;/div&gt;&lt;!-- SC_ON --&gt;",,,,,False,True,False,False,False,[],[],False,False,False,False,,[],False,,,,t5_2qi0s,False,,,,1hoz6e1,True,,Wikeni,,11,True,False,[],False,,/r/bicycling/comments/1hoz6e1/recommendations_for_biking_newbie_5_heavy_woman/,False,https://www.reddit.com/r/bicycling/comments/1hoz6e1/recommendations_for_biking_newbie_5_heavy_woman/,1150714,1735488705.0,0,,False,,,,,,,,,,
,bicycling,"Me and my Fiancee are looking for a two bike hitch based rack for the back of our Subaru Forrester. We have an after market 2"" hitch installed and we want something that is reliable but doesn't stick out super far as our parking situation at our townhouse (parallel street parking) is very compact.

We both ride cheap (sub $700) hybrid bikes and mostly do inner city and very simple nature trails (not mountain bike territory).

Ideally we would want something that still allows us to access our rear hatch door as we use it frequently.

Are there an easy to use/remove hitch-based bike racks for two that are both compact and reliable?

",t2_13oamw,False,,0,False,Compact &amp; Reliable Hitch Back Rack,[],r/bicycling,False,6,,0,,,False,t3_1ho9e3v,False,dark,0.67,,public,1,0,{},,,False,[],,False,False,,{},,False,1,,False,False,self,False,,[],{},,True,,1735403897.0,text,6,,,text,self.bicycling,False,"&lt;!-- SC_OFF --&gt;&lt;div class=""md""&gt;&lt;p&gt;Me and my Fiancee are looking for a two bike hitch based rack for the back of our Subaru Forrester. We have an after market 2&amp;quot; hitch installed and we want something that is reliable but doesn&amp;#39;t stick out super far as our parking situation at our townhouse (parallel street parking) is very compact.&lt;/p&gt;

&lt;p&gt;We both ride cheap (sub $700) hybrid bikes and mostly do inner city and very simple nature trails (not mountain bike territory).&lt;/p&gt;

&lt;p&gt;Ideally we would want something that still allows us to access our rear hatch door as we use it frequently.&lt;/p&gt;

&lt;p&gt;Are there an easy to use/remove hitch-based bike racks for two that are both compact and reliable?&lt;/p&gt;
&lt;/div&gt;&lt;!-- SC_ON --&gt;",,,,,False,True,False,False,False,[],[],False,False,False,False,,[],False,,,,t5_2qi0s,False,,,,1ho9e3v,True,,kyleraymondwalker,,4,True,False,[],False,,/r/bicycling/comments/1ho9e3v/compact_reliable_hitch_back_rack/,False,https://www.reddit.com/r/bicycling/comments/1ho9e3v/compact_reliable_hitch_back_rack/,1150714,1735403897.0,0,,False,,,,,,,,,,
,bicycling,"This is my father's late 80's Nishiki Colorado. It was originally a mountain bike but he reconfigured it to be a hybrid. This is the first vehicle of my father's that I took for an unauthorized joy ride. It still hangs in his garage today. He will be 79 in March. 

",t2_umftxy01,False,,0,False,Vintage Nishiki Colorado,[],r/bicycling,False,6,,0,105.0,,False,t3_1hnwany,False,dark,0.88,,public,12,0,{},140.0,,False,[],,False,False,,{},,False,12,,False,False,https://b.thumbs.redditmedia.com/GMRLvfmybQZiWdQLSBR-d5A-NUCt3RMuWSECYICyK_s.jpg,False,,[],{},,False,,1735354940.0,text,6,,,text,reddit.com,False,"&lt;!-- SC_OFF --&gt;&lt;div class=""md""&gt;&lt;p&gt;This is my father&amp;#39;s late 80&amp;#39;s Nishiki Colorado. It was originally a mountain bike but he reconfigured it to be a hybrid. This is the first vehicle of my father&amp;#39;s that I took for an unauthorized joy ride. It still hangs in his garage today. He will be 79 in March. &lt;/p&gt;
&lt;/div&gt;&lt;!-- SC_ON --&gt;",,,,,False,False,False,False,False,[],[],False,False,False,False,,[],False,,,,t5_2qi0s,False,,,,1hnwany,True,,fiddycixer,,0,True,False,[],False,,/r/bicycling/comments/1hnwany/vintage_nishiki_colorado/,False,https://www.reddit.com/gallery/1hnwany,1150714,1735354940.0,0,,False,,https://www.reddit.com/gallery/1hnwany,,True,"{'xgc2p0u69i9e1': {'status': 'valid', 'e': 'Image', 'm': 'image/jpg', 'p': [{'y': 144, 'x': 108, 'u': 'https://preview.redd.it/xgc2p0u69i9e1.jpg?width=108&amp;crop=smart&amp;auto=webp&amp;s=4b935ef82c02ddfd1ec3b7aac68c3e74a683dec2'}, {'y': 288, 'x': 216, 'u': 'https://preview.redd.it/xgc2p0u69i9e1.jpg?width=216&amp;crop=smart&amp;auto=webp&amp;s=277dfce51d5ba4552bb176e7eef92de0f8e67de9'}, {'y': 426, 'x': 320, 'u': 'https://preview.redd.it/xgc2p0u69i9e1.jpg?width=320&amp;crop=smart&amp;auto=webp&amp;s=c45cc4992383f83878fb083b10f9a6c184f93ac8'}, {'y': 853, 'x': 640, 'u': 'https://preview.redd.it/xgc2p0u69i9e1.jpg?width=640&amp;crop=smart&amp;auto=webp&amp;s=e7715d8d397b383592b81dfd89eb3d1dfa3381e2'}, {'y': 1280, 'x': 960, 'u': 'https://preview.redd.it/xgc2p0u69i9e1.jpg?width=960&amp;crop=smart&amp;auto=webp&amp;s=44baeccf9ec2e40f3a5baccbec5c8484d6962b90'}, {'y': 1440, 'x': 1080, 'u': 'https://preview.redd.it/xgc2p0u69i9e1.jpg?width=1080&amp;crop=smart&amp;auto=webp&amp;s=db512f7f6296eb4e9a64df3bd083dd6750b31cac'}], 's': {'y': 4624, 'x': 3468, 'u': 'https://preview.redd.it/xgc2p0u69i9e1.jpg?width=3468&amp;format=pjpg&amp;auto=webp&amp;s=3575dc7f934f8f7fe0b878cd7f10a3dcc9894dcb'}, 'id': 'xgc2p0u69i9e1'}, 'd9zqugl69i9e1': {'status': 'valid', 'e': 'Image', 'm': 'image/jpg', 'p': [{'y': 81, 'x': 108, 'u': 'https://preview.redd.it/d9zqugl69i9e1.jpg?width=108&amp;crop=smart&amp;auto=webp&amp;s=a74338bdcd2fb05187d3da89ed52e4a3252dd619'}, {'y': 162, 'x': 216, 'u': 'https://preview.redd.it/d9zqugl69i9e1.jpg?width=216&amp;crop=smart&amp;auto=webp&amp;s=2a7b6bbc45535081f3b65dbc49d38c43d29d9cf1'}, {'y': 240, 'x': 320, 'u': 'https://preview.redd.it/d9zqugl69i9e1.jpg?width=320&amp;crop=smart&amp;auto=webp&amp;s=1272ec04892e803b00ebf14c5fae224cfaaeb677'}, {'y': 480, 'x': 640, 'u': 'https://preview.redd.it/d9zqugl69i9e1.jpg?width=640&amp;crop=smart&amp;auto=webp&amp;s=6fbb01a81891a2e0d0f611401eed41f3cd05c511'}, {'y': 720, 'x': 960, 'u': 'https://preview.redd.it/d9zqugl69i9e1.jpg?width=960&amp;crop=smart&amp;auto=webp&amp;s=982e949d78fdabf97c2910e7e0dc31200f2664f5'}, {'y': 810, 'x': 1080, 'u': 'https://preview.redd.it/d9zqugl69i9e1.jpg?width=1080&amp;crop=smart&amp;auto=webp&amp;s=5f4111bf01cc3a4d6fc8735bcd73a1f5a2e75627'}], 's': {'y': 3468, 'x': 4624, 'u': 'https://preview.redd.it/d9zqugl69i9e1.jpg?width=4624&amp;format=pjpg&amp;auto=webp&amp;s=bd873b49b31249600914a431c59fcd6a20047168'}, 'id': 'd9zqugl69i9e1'}, '06x07zz69i9e1': {'status': 'valid', 'e': 'Image', 'm': 'image/jpg', 'p': [{'y': 81, 'x': 108, 'u': 'https://preview.redd.it/06x07zz69i9e1.jpg?width=108&amp;crop=smart&amp;auto=webp&amp;s=c1844e7b126f046af6874b013badab9127c72c06'}, {'y': 162, 'x': 216, 'u': 'https://preview.redd.it/06x07zz69i9e1.jpg?width=216&amp;crop=smart&amp;auto=webp&amp;s=7027902b82fdec81bcf1717b6afbd3ff5f8ed8ce'}, {'y': 240, 'x': 320, 'u': 'https://preview.redd.it/06x07zz69i9e1.jpg?width=320&amp;crop=smart&amp;auto=webp&amp;s=d1c10081a67ca9bf160a7c49d00403ed688c4092'}, {'y': 480, 'x': 640, 'u': 'https://preview.redd.it/06x07zz69i9e1.jpg?width=640&amp;crop=smart&amp;auto=webp&amp;s=7b43ecbdff05c7f4ebc0e207adae6f336ccd0735'}, {'y': 720, 'x': 960, 'u': 'https://preview.redd.it/06x07zz69i9e1.jpg?width=960&amp;crop=smart&amp;auto=webp&amp;s=1fcc418da949055a628507f3b46626ab48c729df'}, {'y': 810, 'x': 1080, 'u': 'https://preview.redd.it/06x07zz69i9e1.jpg?width=1080&amp;crop=smart&amp;auto=webp&amp;s=04a6e67c608a40ad08098e9000aa3edb89c976a7'}], 's': {'y': 3468, 'x': 4624, 'u': 'https://preview.redd.it/06x07zz69i9e1.jpg?width=4624&amp;format=pjpg&amp;auto=webp&amp;s=88c958b53e5263c6777b6fd9b3ca41abd776a98f'}, 'id': '06x07zz69i9e1'}}","{'items': [{'caption': '', 'media_id': 'd9zqugl69i9e1', 'id': 575393351}, {'caption': '', 'media_id': 'xgc2p0u69i9e1', 'id': 575393352}, {'caption': '', 'media_id': '06x07zz69i9e1', 'id': 575393353}]}",,,,
,bicycling,"Hello everyone I’m very new into cycling and am on the fence on buying a mercier kilo tt, or some type of fitness-hybrid road bike. I’ve researched the learning curve that comes with fixed gears but it seems like a fun challenge I’d be willing to try. I also like the idea of customization and low maintenance parts/fixing.

I believe the main deciding factor will be what I intend on using the bike for. I loving working out and have been consistently for 2 years. I enjoy cardio and want to incorporate cycling for cardiovascular health, muscle endurance (mainly for legs) and for overall fun. Probably would only ride for 30-60 after a workout or early in the morning. No hills in my area. Should I invest in a road/fitness bike? Or can I still reach the same goals with the fun of a fixed gear bike? Any advice is welcomed thanks.",t2_a7urruan,False,,0,False,Buying a fitness bike ? Or fixie/single gear for beginner?,[],r/bicycling,False,6,,0,,,False,t3_1hmfy03,False,dark,0.2,,public,0,0,{},,,False,[],,False,False,,{},,False,0,,False,False,self,False,,[],{},,True,,1735184139.0,text,6,,,text,self.bicycling,False,"&lt;!-- SC_OFF --&gt;&lt;div class=""md""&gt;&lt;p&gt;Hello everyone I’m very new into cycling and am on the fence on buying a mercier kilo tt, or some type of fitness-hybrid road bike. I’ve researched the learning curve that comes with fixed gears but it seems like a fun challenge I’d be willing to try. I also like the idea of customization and low maintenance parts/fixing.&lt;/p&gt;

&lt;p&gt;I believe the main deciding factor will be what I intend on using the bike for. I loving working out and have been consistently for 2 years. I enjoy cardio and want to incorporate cycling for cardiovascular health, muscle endurance (mainly for legs) and for overall fun. Probably would only ride for 30-60 after a workout or early in the morning. No hills in my area. Should I invest in a road/fitness bike? Or can I still reach the same goals with the fun of a fixed gear bike? Any advice is welcomed thanks.&lt;/p&gt;
&lt;/div&gt;&lt;!-- SC_ON --&gt;",,,,,False,True,False,False,False,[],[],False,False,False,False,,[],False,,,,t5_2qi0s,False,,,,1hmfy03,True,,Aggravating-Bill5915,,16,True,False,[],False,,/r/bicycling/comments/1hmfy03/buying_a_fitness_bike_or_fixiesingle_gear_for/,False,https://www.reddit.com/r/bicycling/comments/1hmfy03/buying_a_fitness_bike_or_fixiesingle_gear_for/,1150714,1735184139.0,0,,False,,,,,,,,,,
,bicycling,"I've always preferred hybrid/flatbar bikes, and I've been riding Trek Dual Sport 4 bikes for eight years.  Though I've had my eye on the FX Sport lineup for a couple of years now.  I decided to just go for it and purchased the full-carbon FX6, which also has the SRAM APEX AXS electronic shifting groupset.  I also added the SRAM crank power meter to the bike.  I'm now waiting for some decent weather here in central Indiana, which may be a while!",t2_5cgrc9e3,False,,0,False,NBD - 2025 Trek FX Sport 6,[],r/bicycling,False,6,,0,105.0,,False,t3_1hjfzk2,False,dark,0.85,,public,27,0,{},140.0,,False,[],,False,False,,{},,False,27,,False,False,https://b.thumbs.redditmedia.com/G-jjqCvX5OyT11UF-Fm6az-abpAAqpImYnx8UChIEZU.jpg,False,,[],{},,False,,1734805955.0,text,6,,,text,reddit.com,False,"&lt;!-- SC_OFF --&gt;&lt;div class=""md""&gt;&lt;p&gt;I&amp;#39;ve always preferred hybrid/flatbar bikes, and I&amp;#39;ve been riding Trek Dual Sport 4 bikes for eight years.  Though I&amp;#39;ve had my eye on the FX Sport lineup for a couple of years now.  I decided to just go for it and purchased the full-carbon FX6, which also has the SRAM APEX AXS electronic shifting groupset.  I also added the SRAM crank power meter to the bike.  I&amp;#39;m now waiting for some decent weather here in central Indiana, which may be a while!&lt;/p&gt;
&lt;/div&gt;&lt;!-- SC_ON --&gt;",,,,,False,False,False,False,False,[],[],False,False,False,False,,[],False,,,,t5_2qi0s,False,,,,1hjfzk2,True,,joedidder,,2,True,False,[],False,,/r/bicycling/comments/1hjfzk2/nbd_2025_trek_fx_sport_6/,False,https://www.reddit.com/gallery/1hjfzk2,1150714,1734805955.0,0,,False,,https://www.reddit.com/gallery/1hjfzk2,,True,"{'3xepv84rw88e1': {'status': 'valid', 'e': 'Image', 'm': 'image/jpg', 'p': [{'y': 81, 'x': 108, 'u': 'https://preview.redd.it/3xepv84rw88e1.jpg?width=108&amp;crop=smart&amp;auto=webp&amp;s=b9ba057542e7535d595d00b5d93d94a7d1256c36'}, {'y': 162, 'x': 216, 'u': 'https://preview.redd.it/3xepv84rw88e1.jpg?width=216&amp;crop=smart&amp;auto=webp&amp;s=1c713dd930eb144551ab55279b4151c807bd8bf1'}, {'y': 240, 'x': 320, 'u': 'https://preview.redd.it/3xepv84rw88e1.jpg?width=320&amp;crop=smart&amp;auto=webp&amp;s=2ef303da338b8dab9ac243ea54561224adc1e84d'}, {'y': 480, 'x': 640, 'u': 'https://preview.redd.it/3xepv84rw88e1.jpg?width=640&amp;crop=smart&amp;auto=webp&amp;s=60a795d68768f462dd49899f6313540dfe656f74'}, {'y': 720, 'x': 960, 'u': 'https://preview.redd.it/3xepv84rw88e1.jpg?width=960&amp;crop=smart&amp;auto=webp&amp;s=e392c97fc7461ab4f8ac9d5546a655b5e21a2433'}, {'y': 810, 'x': 1080, 'u': 'https://preview.redd.it/3xepv84rw88e1.jpg?width=1080&amp;crop=smart&amp;auto=webp&amp;s=9b7153d517ad66b1c38c945fe9e2e58682193c54'}], 's': {'y': 2855, 'x': 3806, 'u': 'https://preview.redd.it/3xepv84rw88e1.jpg?width=3806&amp;format=pjpg&amp;auto=webp&amp;s=28e44a016c11cfdf5ea6351da5c8a2bb63985cea'}, 'id': '3xepv84rw88e1'}, 'a8rarvmpw88e1': {'status': 'valid', 'e': 'Image', 'm': 'image/jpg', 'p': [{'y': 81, 'x': 108, 'u': 'https://preview.redd.it/a8rarvmpw88e1.jpg?width=108&amp;crop=smart&amp;auto=webp&amp;s=66220a3d1826984e92049b3cf4a7c9192b5c5d86'}, {'y': 162, 'x': 216, 'u': 'https://preview.redd.it/a8rarvmpw88e1.jpg?width=216&amp;crop=smart&amp;auto=webp&amp;s=ab6e60e7c01d567ac4d155b2a616b6cfe0825eb4'}, {'y': 240, 'x': 320, 'u': 'https://preview.redd.it/a8rarvmpw88e1.jpg?width=320&amp;crop=smart&amp;auto=webp&amp;s=f2cab95a47d5465ee1480743256b3f30321d468e'}, {'y': 480, 'x': 640, 'u': 'https://preview.redd.it/a8rarvmpw88e1.jpg?width=640&amp;crop=smart&amp;auto=webp&amp;s=e29405fb411ae3718556c7a5f1d104699b1de98e'}, {'y': 720, 'x': 960, 'u': 'https://preview.redd.it/a8rarvmpw88e1.jpg?width=960&amp;crop=smart&amp;auto=webp&amp;s=3b016d1dade4307d9f23704962f3f19fac20f8a1'}, {'y': 810, 'x': 1080, 'u': 'https://preview.redd.it/a8rarvmpw88e1.jpg?width=1080&amp;crop=smart&amp;auto=webp&amp;s=34992bc7fd7076f7a3becb899b514c6b123106e7'}], 's': {'y': 2697, 'x': 3596, 'u': 'https://preview.redd.it/a8rarvmpw88e1.jpg?width=3596&amp;format=pjpg&amp;auto=webp&amp;s=75b5220bee9539e3c695970bbac1b2ababc2ed97'}, 'id': 'a8rarvmpw88e1'}}","{'items': [{'caption': '', 'media_id': 'a8rarvmpw88e1', 'id': 571806440}, {'caption': '', 'media_id': '3xepv84rw88e1', 'id': 571806441}]}",,,,
,bicycling,"Hey everyone I've been cycling for a long time for transportation and recently moved to the UK from Spain. I've never had to buy mudguards or think of them specially riding in the city. I haven't brought over my bikes yet but got a cheap GT Transeo (hybrid with front suspension and disc breaks), and need to get mudguards. I'm getting soaked every time I travel. I don't mind spending a bit more but obviously not an insane amount. I was looking for the best amount of coverage as my shoes, shins, calves and butt are getting drenched. Does anyone have advice on what's worth it and what isn't? Thank you all! :)",t2_1ctg7ls8,False,,0,False,Advice on Mudguards ,[],r/bicycling,False,6,,0,,,False,t3_1hhbugq,False,dark,0.6,,public,1,0,{},,,False,[],,False,False,,{},,False,1,,False,False,self,False,,[],{},,True,,1734556125.0,text,6,,,text,self.bicycling,False,"&lt;!-- SC_OFF --&gt;&lt;div class=""md""&gt;&lt;p&gt;Hey everyone I&amp;#39;ve been cycling for a long time for transportation and recently moved to the UK from Spain. I&amp;#39;ve never had to buy mudguards or think of them specially riding in the city. I haven&amp;#39;t brought over my bikes yet but got a cheap GT Transeo (hybrid with front suspension and disc breaks), and need to get mudguards. I&amp;#39;m getting soaked every time I travel. I don&amp;#39;t mind spending a bit more but obviously not an insane amount. I was looking for the best amount of coverage as my shoes, shins, calves and butt are getting drenched. Does anyone have advice on what&amp;#39;s worth it and what isn&amp;#39;t? Thank you all! :)&lt;/p&gt;
&lt;/div&gt;&lt;!-- SC_ON --&gt;",,,,,False,True,False,False,False,[],[],False,False,False,False,,[],False,,,,t5_2qi0s,False,,,,1hhbugq,True,,ianpian27,,4,True,False,[],False,,/r/bicycling/comments/1hhbugq/advice_on_mudguards/,False,https://www.reddit.com/r/bicycling/comments/1hhbugq/advice_on_mudguards/,1150714,1734556125.0,0,,False,,,,,,,,,,
